ID,Age,Tumor.Grade,body.height.cm,body.weight.kg,Vertebral.Body.Area.cm2,Total.SMD,Total.ImatA,Total.LamaA,Total.NamaA,VatA,SatA
A19R5802373,049,1,1.55,63.0,15.56396484375,40.60484780157835,17.1875,40.72265625,121.69189453125,131.8115234375,129.3212890625
